ISBN,title,authors,summary
9781616559281,Danganronpa: The Animation Volume 1,Spike Chunsoft,"Each year, the elite Hope's Peak Academy selects only the most gifted and talented students to enroll...plus one ordinary student, chosen by lottery. Makoto Naegi was that lucky person--or so he thought! When he shows up for class, he finds the elite students are a bizarre cast of oddballs under the ruthless authority of a robot teddy bear principal, Monokuma. The bear lays down the school rules: the only way out of Hope's Peak is to not only murder another student...but get away with it, as every murder is followed by a tribunal where the surviving students cross-examine each other! Inspired by the Danganronpa videogame series and based on the anime of the same name, the Danganropa manga is a quirky, fun, weird, and dynamic take on the high school Battle Royale genre."
9781421586205,"Goodnight Punpun, Vol. 1",Inio Asano,"A dark coming-of-age tale where slice-of-life slices back. This is Punpun Onodera’s coming-of-age story. His parents’ marriage is falling apart. His dad goes to jail, and his mom goes to the hospital. He has to live with his loser uncle. He has a crush on a girl who lives in a weird cult. Punpun tries talking with God about his problems, but God is a jerk. Punpun keeps hoping things will get better, but they really, really don’t. Meet Punpun Punyama. He’s an average kid in an average town. He wants to win a Nobel Prize and save the world. He wants the girl he has a crush on to like him back. He wants to find some porn. That’s what he wants, but what does he get…?"
9781935934172,Toradora! (Manga) Vol. 4,Yuyuko Takemiya,"NAVEL BATTLE! After endless strife, Ryuuji and Taiga have finally found some common ground and can at least tolerate each other (sort of). Their relations may be on shaky ground, but it’s their disdain for popular teen model and recent transfer student Kawashima Ami that unites them. The battle with Ami has moved to a new front: swim class! A tasteless insult cannot go unpunished. There will be war (in the pool) and the winner will take Ryuuji as her spoils."
9781632360564,"Learning to Listen, Volume 1",Yoshitoki Ōima,"""""Shoya is a bully. When Shoko, a girl who can't hear, enters his elementary school class, she becomes their favorite target, and Shoya and his friends goad each other into devising new tortures for her. But the children's cruelty goes too far. Shoko is forced to leave the school, and Shoya ends up shouldering all the blame. Six years later, the two meet again. Can Shoya make up for his past mistakes, or is it too late?""""--provided from Amazon.com."
9781421580388,"Tokyo Ghoul, Vol. 3",Sui Ishida,"Ghouls live among us, the same as normal people in every way—except their craving for human flesh. Ghouls live among us, the same as normal people in every way—except their craving for human flesh. Ken Kaneki is an ordinary college student until a violent encounter turns him into the first half-human half-ghoul hybrid. Trapped between two worlds, he must survive Ghoul turf wars, learn more about Ghoul society and master his new powers. Kaneki is still trying to get used to his new life when Commission of Counter Ghoul agents Mado and Amon start sniffing around for Hinami. Kaneki and Touka are going to have to get them off her tail and fast. No easy task now that Kaneki’s got to bring humans and Ghouls to a rapid truce at the same time."
9781506713618,Danganronpa 2: Goodbye Despair Volume 3,"Spike Chunsoft, Kuroki Q","Despair is contagious...and so, it seems, is death! Fed up with the lack of bloodthirst from his captives, Monokuma has infected them with the Despair Disease, which manifests as cowardice in the mighty Owari...gullibility in the worldly Mioda...and dishonesty in the, er...in Komaeda. Afraid that they could commit murder while not in their right mind, the sick students are quarantined, keeping in touch with the """"healthy"""" students by video monitor...only to find that despite all their precautions, the killing hasn't stopped! Danganronpa 2: Goodbye Despair is an alternate version of the events told in the manga Danganronpa 2: Ultimate Luck and Hope and Despair. That series told the story through the eyes of """"Ultimate Lucky Student"""" Nagito Komaeda; now Goodbye Despair gives you the perspective of his arch-rival in the desperate classroom murder game, Hajime Hinata!"
9781974700509,"Kaguya-sama: Love Is War, Vol. 5",Aka Akasaka,"Two high school geniuses scheme to get the other to confess their love first. Two geniuses. Two brains. Two hearts. One battle. Who will confess their love first…?! Will Kaguya and Miyuki find a way to see each other sooner rather than later over summer vacation? And is tweeting really an effective way to communicate with your crush? Then, Kaguya’s overprotective staff try to prevent her from going to the fireworks festival with the rest of the student council. Miyuki and Kaguya both try to find a way to enroll in the same elective class. And someone tries to celebrate someone else’s birthday with style! Some people believe the stars determine your compatibility."
9781935934790,Toradora! (Manga) Vol. 5,Yuyuko Takemiya,"LET’S SCARE MINORI TO DEATH! Summer vacation is here, and the whole gang heads out to Ami’s summer home for a beach vacation! Taiga and Ryuuji hatch a plan to scare Minori out of her wits so Ryuuji can swoop in and come to her rescue. However, when Kitamura overhears the cunning scheme, he demands to be let in on the action and drags Ami along for the ride. What soon follows is a trip into madness as the kids venture into a small cave by the beach where untold horrors await..."
9781646513741,Attack on Titan Omnibus 1 (Vol. 1-3),Hajime Isayama,"It's never been easier to attack Attack on Titan than with these new, giant-sized 3-in-1 omnibus editions! If you've been waiting for the final anime season to check out the do-or-die shonen adventure that defined a decade, now's your chance. These new books tuck almost 600 pages of manga behind a specially-embossed cover, all in a larger size than the regular version. Includes Vol. 1-3 of Attack on Titan. For eons, humans ruled the natural world. But a century ago, everything changed when the Titans appeared. Giant, grotesque parodies of the human form, these sexless monsters consumed all but a few thousand human beings, who took refuge behind giant walls. Today, the threat of the Titans is a distant memory, and a boy named Eren yearns to explore the world beyond the wall. But what began as a childish dream will become an all-too-real nightmare when a Titan finally knocks a hole in the wall, and humanity is once again on the brink of extinction…"
9781506713595,Danganronpa 2: Goodbye Despair Volume 1,Spike Chunsoft,"High school student Hajime Hinata must be the """"Ultimate"""" at something--after all, he got accepted to Hope's Peak Academy, which takes only the nation's elite teens (whether they're elite at being gangsters, gymnasts, or hamster breeders!). But he doesn't know what his special talent is...only that he and his classmates have been given a surprise summer vacation on Jabberwock Island. It may be a tropical paradise, but their sinister teddy bear headmaster Monokuma still expects them all to complete their assignments if they ever want to go home--namely, murder a fellow student and get away with it, as the survivors cross-examine each other at a classroom trial! Danganronpa 2: Goodbye Despair is an alternate version of the events told in the manga Danganronpa 2: Ultimate Luck and Hope and Despair. That series told the story through the eyes of """"Ultimate Lucky Student"""" Nagito Komaeda; now Goodbye Despair gives you the perspective of his arch-rival in the desperate classroom murder game, Hajime Hinata!"
9780316412803,"Kakegurui - Compulsive Gambler -, Vol. 3",Homura Kawamoto,"Enduring the """"Big Debt Settlement Meeting"""" together may have deepened the bond between Yumeko and Mary, but in this academy, friendships tend to be fragile. Having tasted victory, the pair suddenly find themselves prime targets. In the case of Yumeko, that would be the eyepatch-wearing Midari Ikishima. And just who's got Mary in the crosshairs...? In this third volume of the story about an academy filled with beautiful women, the concepts of good and evil are turned on their heads!"
9781974702619,Dr. Stone,Riichiro Inagaki,"Imagine waking to a world where every last human has been mysteriously turned to stone... One fateful day, all of humanity turned to stone. Many millennia later, Taiju frees himself from the petrification and finds himself surrounded by statues. The situation looks grim—until he runs into his science-loving friend Senku! Together they plan to restart civilization with the power of science! When every human on Earth is turned to stone by a mysterious phenomenon, high-schooler Taiju is also petrified the moment he’s about to confess to his high-school crush. Flash forward several thousands of years later, Taiju awakens and joins up with his friend Senku, who has ambitious dreams. His plan: to restart civilization from square one with the power of science!"
9780316385022,"The Devil Is a Part-Timer!, Vol. 3 (light novel)",Satoshi Wagahara,"Do you want fries with your hellfire? A portal opens in the courtyard of the Devil's Castle (a tiny walk-up). From it emerges a little girl who calls the Devil King """"papa"""" and the Hero """"mama."""" Ashiya and Chiho are shocked to discover that Maou and Emi had that kind of relationship, but nobody's more surprised than the two new """"parents."""" Will Maou the breadwinner be able to make the grade when it comes to child rearing? And will this spell the end of the starry-eyed Emi's romantic ambitions?"
9781974741021,"Chainsaw Man, Vol. 13",Tatsuki Fujimoto,"Broke young man + chainsaw demon = Chainsaw Man! Denji was a small-time devil hunter just trying to survive in a harsh world. After being killed on a job, he is revived by his pet devil Pochita and becomes something new and dangerous—Chainsaw Man! Denji is desperate to tell the world that he’s Chainsaw Man, but is he competent enough to pull off a proper reveal? Meanwhile, Asa has made a friend! But this new friendship may be hiding a dark secret."
9781642750324,I Want to Eat Your Pancreas: The Complete Manga Collection,Yoru Sumino,"Also known as Let Me Eat Your Pancreas, the manga version of the coming-of-age novel that inspired two films! In this deeply moving first-person story, an introverted high school boy finds his classmate’s diary—and learns her biggest secret. Yamauchi Sakura is dying from a pancreatic disease and now he is the only one person outside her family to know the truth. The last thing the boy wants is to be her friend, but Sakura’s cheerful demeanor and their shared secret draw them together in this heartrending tale of friendship and mortality."
9781975378004,"Bocchi the Rock!, Vol. 1",Aki Hamazi,"Bocchi finally takes the stage in English, and she's brought her best friend--crippling anxiety! Hitori Goto just wants to make friends, but the thought of approaching a stranger on her own makes her so nervous that she's spent the entirety of middle school teaching herself how to shred on the guitar--to moderately successful (albeit anonymous) YouTube fame--in the hopes of seeming cool enough for someone else to reach out to her instead. After bringing her guitar to school provokes zero interest, Hitori's just about ready to shrivel up and die...which is when Nijika Ijichi comes across her moping in a playground and begs her to fill in for her band's flakey guitarist for their first-ever live performance! It's like her wish came true--but does this most antisocial of introverts have what it takes to perform in front of real people?!"
9781421580364,Tokyo Ghoul,Sui Ishida,"Ghouls live among us, the same as normal people in every way—except their craving for human flesh. Ken Kaneki is an ordinary college student until a violent encounter turns him into the first half-human half-ghoul hybrid. Trapped between two worlds, he must survive Ghoul turf wars, learn more about Ghoul society and master his new powers. Shy Ken Kaneki is thrilled to go on a date with the beautiful Rize. But it turns out that she’s only interested in his body—eating it, that is. When a morally questionable rescue transforms him into the first half-human half-Ghoul hybrid, Ken is drawn into the dark and violent world of Ghouls, which exists alongside our own."
9781646090518,My Dress-Up Darling 04,Shinichi Fukuda,"A loner boy and a flashy girl find common ground via cosplay in this sweet and spicy romcom! The preparations for Marin and JuJu's group cosplay steadily advance...until at long last, the costumes are complete!! That should just leave the photo shoot...but Wakana has a secret plan the other two don't know about!!"
9781506713632,Danganronpa Another Episode: Ultra Despair Girls Volume 2,"Spike Chunsoft, Hajime Touya","Komaru and Toko delve into the subway tunnels, finding an underground arena where Masaru, leader of the killer kids who call themselves the Warriors of Hope, stands triumphant above a pile of dead grown-ups...yet the boy doesn't stand a chance against Genocide Jill and Komaru's teamwork! Now having defeated a foe, the question arises as to who's actually their friend...Shirokuma, a bleached, bandaged version of their teddy bear tormenter, claims to be able to put them in touch with the adult resistance--but is following it down even deeper really such a good idea? Based on one of the multiple video games in the Danganronpa franchise, Danganronpa Another Episode: Ultra Despair Girls is the missing story that goes between the original Danganronpa: The Animation manga, and the recently published manga series Danganronpa 2: Ultimate Luck and Hope and Despair."
9781506707334,Danganronpa 2: Ultimate Luck and Hope and Despair Volume 1,"Spike Chunsoft, Kyousuke Suga","The ultimate teenage murder game continues! Based on Danganronpa 2: Goodbye Despair video game, the sequel to the original video game Danganronpa. The manga series Ultimate Luck and Hope and Despair contains bonus scenes not shown in the video game! When a new class of students at the (in)famous Hope's Peak Academy find themselves on a surprise school trip to a tropical island, they also find that suspicion and death is the only ticket home from this so-called paradise! Here, in the name of """"hope,"""" Ultimate Lucky Student Nagito Komaeda is willing to kill anybody and everybody...including himself!"
9781632368997,The Quintessential Quintuplets 7,Negi Haruba,"A high school romantic comedy with five times the cute girls! A high school boy must work part-time to help five sisters study so they can graduate, but the only thing these quintuplets have in common is that they all hate studying! FAIR GAME The New Year's bell rings, and the apartment is teeming with excitement as Futaro and the quints prepare for their finals-- with a few distractions along the way! Together, the group of six overcomes each obstacle smoothly until the quints' father shows up and delivers an ultimatum: the sisters will have to transfer again if they fail their finals! Just as Futaro thinks he might have everyone back on track, romantic rivalries threaten to flare, and the quints must take it upon themselves to sort things out..."
9781642731446,Higehiro Volume 1,N/A,"Yoshida is just your average salaryman, drowning his tears in booze. On his way home one night, he finds a runaway high school girl sitting on the street. She offers to sleep with him in exchange for a place to stay--and Yoshida lets her off the hook and offers her work instead. A rom-com between the most unbalanced couple you'll ever find!"
9781626925557,Hatsune Miku: Bad End Night Vol. 3,Hitoshizuku-P X Yama,"THE FINAL CURTAIN FALLS It’s a play within a play...within a play! Miku’s been caught in the world of Burlet’s famous lost play, Crazy Night–or has she? Every clue she picks up only deepens the mystery, but as the curtains draw back, lies turn into truths...and betrayal turns into something else entirely. When Miku finally understands what’s really going on in the world of the play, she makes a fateful decision that changes everything. At long last, the truth is exposed in the final volume of this fantastical Gothic mystery! FINAL VOLUME"
9781646510603,N/A,N/A,N/A
9781632360588,A Silent Voice 3,Yoshitoki Oima,"ARE YOU AFRAID OF HER? Shoya’s decided to do everything he can to make up for how terribly he treated Shoko, his former classmate who can’t hear. But more than the challenge of learning to communicate, it means facing a past he thought he’d left behind forever. Now a reunion with old friends will transform Shoya, and his relationship with Shoko."
9781642750348,Miss Kobayashi's Dragon Maid: Elma's Office Lady Diary Vol. 1,Coolkyousinnjya,"An all-new story about the work-and-eat life of Elma from Miss Kobayashi’s Dragon Maid! Some people live to work, others work to live. But Elma works to...eat! Elma is a Harmony Dragon who came to the human world to bring fellow dragon Tohru back home. In order to stay close to Tohru, Elma has taken a job as an office lady (OL). This charming new series from the world of Miss Kobayashi’s Dragon Maidfollows the 9-to-5 adventures of Elma as she learns to work and eat her way through the OL life. From mixed-up mixers to death marches, Elma learns that being an OL is just as hard as being a dragon..."
9781632368539,N/A,N/A,N/A
9781975363239,"[Oshi No Ko], Vol. 4",Aka Akasaka,"Siblings Ruby and Aqua are acclimating to the entertainment industry. Aqua debuts in a romance reality show and pairs up with Akane Kurokawa! Once the show is over, what kind of relationship will Aqua have with their colleague!? Meanwhile, Ruby's idol group is gearing up for their first stage appearance!"
9781632369192,N/A,N/A,N/A
9781947194861,"Don't Toy With Me, Miss Nagatoro 1",Nanashi,"Nagatoro is a cute freshman in high school who loves to toy with her senior classmate (Senpai). Even though Nagatoro tricks Senpai, makes him cry, and teases him, the two of them are hardly ever apart. Do the two of them really like each other as friends? Or are they toying with the idea that they can be something more...? Find out in this rowdy romantic comedy!"
9780316385015,"The Devil Is a Part-Timer!, Vol. 2 (light novel)",Satoshi Wagahara,"Do you want fries with your hellfire? Sadao Maou, the Devil King, has finally been promoted to store manager! And who should move in next door to his fortress (actually a tiny studio apartment in a dingy walk-up) but a lovely kimono-wearing lass. But the former devil-crushing hero Emi Yusa is none too pleased with this turn of events, to say nothing of high schooler Chiho Sasaki, who's still nursing a terrible crush on the Devil King. Meanwhile a Sentucky Fried Chicken has opened up right across the street from Maou's beloved MgRonald! It's the first real test of his managerial prowess, and he's facing a pay cut unless he can top Sentucky's sales! Between the two new neighbors, the Devil King's troubles are anything but part-time!"
9781632360571,A Silent Voice 2,Yoshitoki Oima,"SPEAKING WITH ACTIONS It’s been five years since Shoya Ishida bullied Shoko Nishimiya so badly she left their elementary school, because of one simple difference between them: Shoya can hear, and Shoko can’t. In the intervening time, Shoya’s life has changed completely. Shunned by his friends, Shoya’s longed for the chance to make up for his cruelty. When it finally comes, will he find the voice to tell Shoko he’s changed? And will Shoko listen?"
9781974724048,"Chainsaw Man, Vol. 9",Tatsuki Fujimoto,"Broke young man + chainsaw dog demon = Chainsaw Man! Denji was a small-time devil hunter just trying to survive a harsh world. After being killed on a job, Denji is revived by his pet devil-dog Pochita and becomes something new and dangerous—Chainsaw Man! With the battle against the Gun Devil fast approaching, Aki seems to be having a change of heart. Why is he suddenly willing to give up the revenge he’s worked so hard for? And when the Gun Devil finally appears, Denji and allies will face a nightmare of unimaginable pain."
9781975313029,"Carole & Tuesday, Vol. 1",N/A,"Based on the hit anime directed by Shinichiro Watanabe (Cowboy Bebop, Samurai Champloo, Kids on the Slope), two girls from different worlds connect through a love of music and a desire to make it big on Mars."
9781421580371,"Tokyo Ghoul, Vol. 2",Sui Ishida,"Ghouls live among us, the same as normal people in every way—except their craving for human flesh. Ghouls live among us, the same as normal people in every way—except their craving for human flesh. Ken Kaneki is an ordinary college student until a violent encounter turns him into the first half-human half-ghoul hybrid. Trapped between two worlds, he must survive Ghoul turf wars, learn more about Ghoul society and master his new powers. Unable to discard his humanity but equally unable to suppress his Ghoul hunger, Ken finds salvation in the kindness of friendly Ghouls who teach him how to pass as human and eat flesh humanely. But recent upheavals in Ghoul society attract the police like wolves to prey, and they don’t discriminate between conscientious and ravenous Ghouls."
9780316383127,The Devil Is a Part-Timer,Satoshi Wagahara,"Do you want fries with your hellfire? Being soundly thrashed by the hero Emilia, the Devil King and his general beat a hasty retreat to a parallel universe...only to land smack in the middle of bustling, modern-day Tokyo! Lacking the magic necessary to return home, the two are forced to assume human identities and live average human lives until they can find a better solution. And to make ends meet, Satan finds gainful employment at a nearby fast food joint! With his devilish mind set on working his way up the management food chain, what will become of his thirst for conquest?!"
9781974707140,N/A,N/A,N/A
9781646090327,My Dress-Up Darling 01,Shinichi Fukuda,"A loner boy and a flashy girl find common ground via cosplay in this sweet and spicy romcom! Traumatized by a childhood incident with a friend who took exception to his love of traditional dolls, doll-artisan hopeful Wakana Gojou passes his days as a loner, finding solace in the home ec room at his high school. To Wakana, people like beautiful Marin Kitagawa, a trendy girl who's always surrounded by a throng of friends, is practically an alien from another world. But when cheerful Marin--never one to be shy--spots Wakana sewing away one day after school, she barges in with the aim of roping her quiet classmante into her secret hobby: cosplay! Will Wakana's wounded heart be able to handle the invasion from this sexy alien?!"
9781974719228,"Chainsaw Man, Vol. 5",Tatsuki Fujimoto,"Broke young man + chainsaw dog demon = Chainsaw Man! Denji was a small-time devil hunter just trying to survive a harsh world. After being killed on a job, Denji is revived by his pet devil-dog Pochita and becomes something new and dangerous—Chainsaw Man! The bloody battle heats up between Chainsaw and Sword! Denji is going to have to pull out all the tricks against this crafty opponent. And when the dust settles, how will Special Division 4 move on from their losses?"
9781421550794,"Neon Genesis Evangelion 3-in-1 Edition, Vol. 1",Yoshiyuki Sadamoto,"The classic series, now available in a deluxe omnibus edition! The manga adaptation of the landmark animated series that changed the mecha genre. Each volume contains three of the original graphic novels and includes pages of stunning, full-color art. Once Shinji didn’t care about anything; then he found people to fight for—only to learn that he couldn’t protect them, or keep those he let into his heart from going away. As mankind tilts on the brink of the apocalyptic Third Impact, human feelings are fault lines leading to destruction and just maybe, redemption and rebirth. Reads R to L (Japanese style) for teen plus audiences."
9781949980103,"Don't Toy With Me, Miss Nagatoro 3",Nanashi,"Nagatoro teases Senpai to no end, yet she can’t stay away from him. Senpai gets embarrassed by Nagatoro, yet he can’t stop thinking of her when they’re apart. After having fun at the beach and playing video games at Nagatoro’s, the two only get closer and closer…"
9781949980486,"Don't Toy With Me, Miss Nagatoro 4",Nanashi,"The playful pestering never ends with Nagatoro, and now she’s joined by her crude colleagues who get a tickle out of toying with Senpai. With summer in full swing, it’s time for festivals, games, and breaking a sweat! But as temperatures rise, it seems like things might also heat up between Nagatoro and Senpai."
9780759529441,"The Melancholy of Haruhi Suzumiya, Vol. 1 (Manga)",Nagaru Tanigawa,"Kyon is your ordinary high school freshman who has long given up on his childhood dreams of encountering the fantastic and supernatural...or so he thought. From the very first day of school, his classmate-the beautiful but eccentric Haruhi Suzumiya-makes it very clear that her only desire is to meet aliens, time travelers, and psychics! A chance conversation between the two inspires Haruhi to form the SOS Brigade, a school club created for the sole purpose of gathering together such supernatural beings. The initial members consist of the mute bookworm Yuki Nagato, the timid but voluptuous Miharu Asahina, and the polite and ever-smiling Itsuki Koizumi. By the end of this first volume, Kyon quickly finds out that these seemingly """"helpless victims"""" of Haruhi's are actually members of secret organizations-both futuristic and alien-with the single aim of keeping watch over Haruhi Suzumiya as she is the pinnacle of some major calamity on the horizon..."
9781949980400,BAKEMONOGATARI (manga) 4,NISIOISIN,"From the best selling novel series by renowned author NISIOISIN, comes the manga adaptation of the Monogatari Series! Artwork by Oh!great. “I love you.” “I smelt for you, Senjogahara.” Koyomi accepts Hitagi’s feelings and solves Mayoi Hachikuji’s dilemma. Everything starts to look up...until a mysterious raincoat busts him up out of nowhere...!"
9781646090174,Hi Score Girl 02,Rensuke Oshikiri,"Hi Score Girl, Rensuke Oshikiri's love letter to arcade gaming, finally comes to print! Read the manga that inspired the Netflix Original anime series! The year is 1994, and 3-D is about to change the world of fighting games. And in an arcade on the outskirts of town, where the competitive spirits of men collide, a certain girl once again descends... Akira Oono is a fierce gamer, but will her latest challenger throw her for a loop?! It looks like she has a new rival...for Haruo's attention?! When a snowstorm makes it impossible for his classmate Koharu to get home, Haruo invites her for a round of Street Fighter instead! Does this mark the beginning of a love triangle?!"
9781421539645,"Death Note Black Edition, Vol. 1",Tsugumi Ohba,"Killer 2-for-1 value on hit thriller Death Note! Light Yagami is an ace student with great prospects—and he’s bored out of his mind. But all that changes when he finds the Death Note, a notebook dropped by rogue Shinigami death god. Any human whose name is written in the notebook dies, and now Light has vowed to use the power of the Death Note to rid the world of evil. But when criminals begin dropping dead, the authorities send the legendary detective L to track down the killer. With L hot on his heels, will Light lose sight of his noble goal…or his life? Contains Volumes 1 and 2 of Death Note! Light Yagami is an ace student with great prospects—and he’s bored out of his mind. But all that changes when he finds the Death Note, a notebook dropped by a rogue Shinigami death god. Any human whose name is written in the notebook dies, and now Light has vowed to use the power of the Death Note to rid the world of evil. Will Light’s noble goal succeed, or will the Death Note turn him into the very thing he fights against?"
9780316340021,Akame ga KILL!,Takahiro,"Teigu--powerful weapons imbued with great wisdom and forged under the reign of the first emperor. It's said that when two teigu-wielding opponents clash, one will die--there are no exceptions. As the assassination team Night Raid continues to rid their Capital of corruption and filth, one head at a time, they also draw the ire of the Empire's strongest teigu-wielding allies. With a bloodred target on their backs, Tatsumi, Akame, and the rest of Night Raid become embroiled in an all-out life-or-death struggle!"
9781646510627,The Quintessential Quintuplets 13,Negi Haruba,"A high school romantic comedy with five times the cute girls! A high school boy must work part-time to help five sisters study so they can graduate, but the only thing these quintuplets have in common is that they all hate studying! MULTIPLE CHOICE TEST As the end of the school festival draws close, Futaro faces a decision that will change everything. The quints have each expressed their feelings for Futaro and anxiously wait for him to make a choice. Despite always knowing the right answer to every question when it comes to exams, can Futaro find a right answer when it comes to the quints?"
9781632367754,The Quintessential Quintuplets 2,Negi Haruba,"A high school romantic comedy with five times the cute girls! A high school boy must work part-time to help five sisters study so they can graduate, but the only thing these quintuplets have in common is that they all hate studying! HOMEWORK AND FIREWORKS Thrown into the midst of five beautiful sisters who hate studying, Futaro must figure out how to keep them from flunking out of school. But he has to start from the beginning and earn each girl's trust first! His effort to befriend the sisters starts off rocky, but he bonds with Miku over her love of Sengoku Period warlords. It all seems for naught, though, when a bath-related mishap with Nino threatens everything Futaro's worked to accomplish! Will he be able to prove his innocence and gain their trust? Maybe a fireworks festival will brighten their moods!"
9780759530485,Soul Eater,Atsushi Ohkubo,"The remedial assignment continues as Soul and Maka confront Dr. Franken Stein, the man behind Sid-sensei's unfortunate transformation and the strongest meister ever to graduate from Death Weapon Meister Academy. Even without a weapon, his massive soul dwarfs them all-even big shot Black*Star! Can Maka rally her strength to face Stein in battle, or will despair be her downfall?"
9781772942279,Steins;Gate: the Complete Manga,"Nitroplus, 5pb.","What do you get when you cross a microwave with a cell phone? Apparently, a time machine! Self-proclaimed mad scientist Kyoma Hououin and the Future Gadget Lab members now have the ability to send text messages into the past. Will they use this newfound power for personal gain? To change the world? Or for something much more sinister... Find out in Steins;Gate! Collects the complete 3-book Steins;Gate manga series in one omnibus volume!"
9781975321277,"Carole and Tuesday, Vol. 2",N/A,"When orphan Carole meets runaway Tuesday, an uptown girl who wants nothing more than to make music, it is as if they were fated to find each other. But on colonized Mars, with a consumer base used to """"perfect"""" A.I.-produced songs, is there any hope their organic sound and heartfelt lyrics will reach their audience?"
9781506713649,Danganronpa Another Episode: Ultra Despair Girls Volume 3,"Spike Chunsoft, Hajime Touya","The conclusion! Komaru decides to remain in Towa City with Toko, determined to put an end to the reign of terror inflicted by the children of the Warriors of Hope. But to bring about a resolution, not only must she defeat the remaining Warriors, but also the last-ditch weapon of the adults...the massive Big Bang Monokuma! Does a horribly ordinary high school girl have what it takes to stop this mutually assured destruction between two generations...and shape the destiny of Towa City and the Future Foundation? Based on one of the multiple video games in the Danganronpa franchise, Danganronpa Another Episode: Ultra Despair Girls is the missing story that goes between the original Danganronpa: The Animation manga, and the recently published manga series Danganronpa 2: Ultimate Luck and Hope and Despair."
9781975361747,K-On!,Kakifly,"Enjoy the full story of K-ON! in this stunning new omnibus edition! When their high school's pop-music club is about to be disbanded due to lack of interest, four girls step up to fill the membership quota. Unfortunately, lead guitarist Yui Hirasawa has never played an instrument in her life. Although she likes the idea of being in a band, she's got a lot of work ahead of her before she can play. But this motley crew is determined to rock out, and with their spunk and motivation cranked to 11, anything is possible!"
9781932234961,5 Centimeters per Second,Makoto Shinkai,"Love can move at the speed of terminal velocity, but as award-winning director Makoto Shinkai reveals in his latest comic, it can only be shared and embraced by those who refuse to see it stop. Takaki Tohno quickly befriends Akari Shinohara when she transfers to his school. They grow closer to each other due to similar interests and attitudes; for instance, they both prefer to stay inside during recess due to their constitutions. As a result, they form a strong bond. Upon ending their school year, Akari moves to Tochigi, due to her parents' jobs. The two keep in contact by writing letters, but eventually begin to drift apart."
9781935934059,Toradora! (Manga) Vol. 3,Yuyuko Takemiya,"Let the face-off begin! Popular teen model Kawashima Ami has just transferred into the same class as Ryuuji and Taiga, and things couldn’t get off to worse start. Ryuuji and Taiga know Ami’s secret– that the angelic persona she presents to the world is a lie, and she’s really a selfish, bossy brat. Taiga becomes the first target of Ami’s viciousness, and the “Palmtop Tiger” is not amused! So begins a war of epic proportions between two ferocious girls, and the ill-fated Ryuuji stuck in the middle!!"
9781974707126,"Komi Can't Communicate, Vol. 1",Tomohito Oda,"The journey to 100 friends begins with a single conversation. Socially anxious high school student Shoko Komi’s greatest dream is to make some friends, but everyone at school mistakes her crippling social anxiety for cool reserve! With the whole student body keeping their distance and Komi unable to utter a single word, friendship might be forever beyond her reach. Timid Tadano is a total wallflower, and that’s just the way he likes it. But all that changes when he finds himself alone in a classroom on the first day of high school with the legendary Komi. He quickly realizes she isn’t aloof—she’s just super awkward. Now he’s made it his mission to help her on her quest to make 100 friends!"
9781506700304,Danganronpa: The Animation Volume 3,"Takashi Tsukimi, Spike Chunsoft","The life-or-death courtroom game continues at Hope's Peak Academy as Makoto and Kyoko work together to try to prove Yasuhiro's innocence and convict Celestia in the latest round of class trials! And Makoto has learned in his investigations that one of his fellow students is being forced by Monokuma to spy upon them--should he reveal this secret to the others, or wait for the spy to make what could be a very drastic move...?"
9781506713625,Danganronpa Another Episode: Ultra Despair Girls Volume 1,"Spike Chunsoft, Kyousuke Suga","Based on one of the multiple video games in the Danganronpa franchise, Danganronpa Another Episode: Ultra Despair Girls is the missing story that goes between the original Danganronpa: The Animation manga, and the recently published manga series Danganronpa 2: Ultimate Luck and Hope and Despair. Whatever happened to Komaru Naegi, the younger sister of Danganronpa: The Animation's protagonist, Makoto? Like all the family members of the Ultimate Students, she was held under threat to force them to play Monokuma's murder game. But now Komaru's busted out of the apartment complex where she's been prisoner for the last year--out of the frying pan and into the fire of the post-apocalyptic cityscape where cuddly Monokuma robots are only too happy to take out any stray survivors! Komaru finds herself thrown amongst the factions fighting to shape the new world: the Future Foundation, crewed by the original story's Byakuya Togami, and the Warriors of Hope, elementary school kids whose solution is to eliminate all the grownups! Komaru's best chance for survival is the most unlikely one of all--pair up with the original story's gloomy romance author Toko Fukawa...whose alternate personality is the crazed serial killer, Genocide Jack (Jill)!"
9781975312541,Rascal Does Not Dream of Petite Devil Kohai (light Novel),Hajime Kamoshida,"Sakuta Azusagawa meets a bunny girl in the library and, wanting to find out more about this mystery, he launches an investigation to figure out what is making her invisible to everyone."
9781975338725,"Carole and Tuesday, Vol. 3",N/A,"It's the final round of Mars's Brightest--and the biggest crisis facing the pair! Carole and Tuesday continue to progress through the Mars's Brightest auditions, but powerful rivals stand in their way. When an incident opens a great rift opens between the two... are Carole & Tuesday in danger of breaking up!?"
9781632367020,N/A,N/A,N/A
9781632369963,N/A,N/A,N/A
9781421579245,"Yu-Gi-Oh! (3-in-1 Edition), Vol. 1",Kazuki Takahashi,"Tenth-grader Yugi always had his head in some game--until he solved the Millennium Puzzle, an Egyptian artifact containing the spirit of a master gambler from the age of the pharoahs! Possessed by the puzzle, Yugi becomes Yu-Gi-Oh, the King of Games, and challenges evildoers to the Shadow Games...weird games with high stakes and high risks! Let the games begin! Meet Seto Kaiba, master of the world's most dangerous collectible card game. When Kaiba discovers that Yugi's grandfather owns the incredibly rare """"Blue-Eyes White Dragon"""" card, he will stop at nothing to get it...even if he has to duel with Yugi's dark alter ego Yu-Gi-Oh! Then, out of the sands of Egypt, the mystic Shadi has come to test Yugi's powers, which will give Yugi his greatest challenge yet. If he loses, his best friends will die!"
9781632368553,The Quintessential Quintuplets 6,Negi Haruba,"A high school romantic comedy with five times the cute girls! A high school boy must work part-time to help five sisters study so they can graduate, but the only thing these quintuplets have in common is that they all hate studying! IN DEEP WATER Futaro Uesugi is doing his best to tutor the quints and keep them from flunking, and things are finally going smoothly. But suddenly, Nino and Itsuki have a falling out, and both girls run away from home! Meanwhile, Yotsuba prioritizes subbing in as an extra for the track team instead of making sure her grades are on track! As if all that wasn't bad enough, the mysterious girl from Futaro's photo shows up... Will the sisters and Futaro ever have time to study for finals?!"
9781632368546,N/A,N/A,N/A
9781974702633,Dr. Stone: Two million years of being,Riichiro Inagaki,"""""One fateful day, all of humanity was petrified by a blinding flash of light. After several millenia, high schooler Taiju awakens and finds himself lost in a world of statues. However, he's not alone! His science-loving friend Senku's been up and running for a few months and he's got a grand plan in mind--to kick-start civilization with the power of science!""""--Back cover of Volume 1."
9781974702626,"Dr. STONE, Vol. 2",Riichiro Inagaki,"Imagine waking to a world where every last human has been mysteriously turned to stone... One fateful day, all of humanity turned to stone. Many millennia later, Taiju frees himself from the petrification and finds himself surrounded by statues. The situation looks grim—until he runs into his science-loving friend Senku! Together they plan to restart civilization with the power of science! Senku, Taiju and Yuzuriha are well on their way to crafting gunpowder when they spot smoke far off in the distance. Convinced that it’s a sign of other humans, Senku takes a huge risk by sending up a smoke signal of their own. Meanwhile, Tsukasa is determined to stop their progress on gunpowder, and his arrival on the scene could spell the end for our heroes!"
9781506707358,Danganronpa 2: Ultimate Luck and Hope and Despair Volume 3,"Spike Chunsoft, Kyousuke Suga","The ultimate teenage murder game continues! Based on Danganronpa 2: Goodbye Despair, the sequel to the original Danganronpa, the manga series Ultimate Luck and Hope and Despair contains many scenes only hinted at in the game! The conclusion! Caught in the execution procedure by mistake, Fuyuhiko desperately requires emergency aid. Due to the school rules, Monokuma has no choice but to save Fuyuhiko's life. But never one to let an evil opportunity slip by, Monokuma uses the medical theme for his next murder motive: the Despair Disease! Everyone is terrified of catching the contagion after Nagito, Ibuki, and Akane become infected. The three are forced into quarantine, and Monokuma claims a corpse is required to produce a cure! But they can't kill someone to save themselves, can they...?"
9781974709946,"Chainsaw Man, Vol. 2",Tatsuki Fujimoto,"Broke young man + chainsaw dog demon = Chainsaw Man! Denji was a small-time devil hunter just trying to survive a harsh world. After being killed on a job, Denji is revived by his pet devil-dog Pochita and becomes something new and dangerous—Chainsaw Man! Now that Denji has found the noble goal in life of """"touching a boob,"""" the rest is easy! He just needs to defeat a gigantic bat monster before he bleeds to death. Never underestimate a motivated Chainsaw Man! But will all his sacrifices actually be worth it…?"
9781974740581,"Chainsaw Man, Vol. 12",Tatsuki Fujimoto,"Broke young man + chainsaw demon = Chainsaw Man! Denji was a small-time devil hunter just trying to survive in a harsh world. After being killed on a job, he is revived by his pet devil Pochita and becomes something new and dangerous—Chainsaw Man! Return to the world of Chainsaw Man and meet awkward high school student Asa Mitaka. She may have trouble getting along with her fellow students and the class pet devil chicken, but Asa has something special going for her. And it may lead her right to Chainsaw Man!"
9781632360601,A Silent Voice 5,Yoshitoki Oima,"A QUIET CALM Despite their tense pasts, Shoya begins to embrace the friend group that used to terrorize Shoko because she couldn’t hear. Now that summer vacation is in full swing, the crew can work together to film Tomohiro’s eccentric movie. Each fun-filled day lazily passes by, but doubt tugs at Shoya’s heavy heart and he is desperate to cling on to meaningful moments before they are gone…"
9781943876602,Surf/Skate,Steve Miller,"Steve Miller's photographs, created using x-ray technology, are printed onto skate- and surfboards, creating a hip confluence of lifestyle and artOffers a fresh perspective on the unlimited possibilities of Miller's work as design applicationsSteve Miller made his book publishing debut in 2017 with his outside-the-box fine art photography in Radiographic: X-Ray Photo Inventions, where he high-tech x-rayed everything from pocketbooks to fish in order to produce gorgeous color images. In Surf/Skate, he has expanded the concept: his original artworks are printed onto skate- and surfboards, creating a hip confluence of lifestyle and art. The results are gorgeous moving objects, festooned in the main with art and x-rays, presenting a compelling juxtaposition of nature and the material world."
9781616559632,Danganronpa: The Animation Volume 2,"Spike Chunsoft, Takashi Tsukimi","Having lived through the first round of judgment in the trap that is Hope's Peak Academy, bonds are beginning to form among the surviving students. But the evil paws of Monokuma, the villainous bear that holds them captive, are stretched around them...one black, one white, signifying that at this school there's only room for two kinds of students--those found innocent--and those found guilty!"
9781646513758,Attack on Titan Omnibus 2 (Vol. 4-6),Hajime Isayama,"It's never been easier to attack Attack on Titan than with these new, giant-sized 3-in-1 omnibus editions! If you've been waiting for the final anime season to check out the do-or-die shonen adventure that defined a decade, now's your chance. These new books tuck almost 600 pages of manga behind a specially-embossed cover, all in a larger size than the regular version. Includes Vol. 4-6 of Attack on Titan. The Survey Corps develop a risky gambit – have Eren in Titan form attempt to repair Wall Rose, reclaiming human territory from the monsters for the first time in a century. But Titan-Eren’s self-control is far from perfect, and when he goes on a rampage, not even Armin can stop him! With the survival of humanity on his massive shoulders, will Eren be able to return to his senses, or will he lose himself forever?"
9780316073394,N/A,N/A,N/A
9781646511631,N/A,N/A,N/A
9780316471671,"Spice and Wolf, Vol. 18 (light novel)",Isuna Hasekura,"Lawrence and Holo have settled into an idyllic life together after opening the Spice and Wolf bathhouse, but their happy marriage is suddenly intruded upon by an unexpected guest. During Nyohhira's sleepy off-season, the gruff stranger wanders alone from door to door as if in search of fleeting memories from long ago. Soon after his silent arrival, rumors about the possible construction of a rival hot spring village begin to spread. To protect their new home, the wise wolf and the cunning merchant return to the town of Svernel, but what they find there may spell the end of their adventures for good..."
9780316102322,"Spice and Wolf, Vol. 2 (manga)",Isuna Hasekura,"Newly arrived in Pazzio, the traveling merchant Lawrence and his companion, Holo the Wisewolf, are poised to turn a huge profit on a currency scheme. But when the deal goes sour and Holo is abducted, will Lawrence's dreams of earning enough to become a proper town merchant fade? Or can this meek merchant devise a new strategy to rescue both his profits and the girl before Holo is delivered to the hands of the Church?"
9781949980851,"Don't Toy With Me, Miss Nagatoro 5",Nanashi,"The torment must go on! This time, Nagatoro makes it her mission to reveal Senpai’s true nature. She tries to find his sense of adventure, his inner chef, and his hidden stash to expose Senpai for the creep he is! Meanwhile, a new opponent appears! The buxom bohemian who heads the Art Club makes her entrance and threatens both the club itself and Nagatoro’s appeal!"
9781975399351,"Rascal Does Not Dream of Bunny Girl-senpai, Vol. 1 (light novel)",Hajime Kamoshida,"Bunny girls do not live in libraries. This is simply common sense. And yet, that's exactly where Sakuta runs into one. Wanting to find out more about the mystery surrounding this bunny girl and maybe get a little closer to her in the process, Sakuta launches an investigation to figure out what's causing her to be invisible to everyone around them."
9781974707133,"Komi Can't Communicate, Vol. 2",Tomohito Oda,"The journey to 100 friends begins with a single conversation. Socially anxious high school student Shoko Komi’s greatest dream is to make some friends, but everyone at school mistakes her crippling social anxiety for cool reserve. Luckily she meets Tadano, a timid wallflower who decides to step out of his comfort zone in order to help her achieve her goal of making 100 friends. It’s time for the national health exam at Itan High, and the excitement of eye exams and height measurements has fanned the flames of competition for the unremarkable Makeru Yadano. She’s determined to beat the class idol Komi in the health test, and Komi’s total obliviousness to their impassioned duel just feeds Makeru’s determination. As the epic battle heats up, how will Komi handle her first rival when she’s barely made her first friends?!"
9781974720965,"Chainsaw Man, Vol. 7",Tatsuki Fujimoto,"Broke young man + chainsaw dog demon = Chainsaw Man! Denji was a small-time devil hunter just trying to survive a harsh world. After being killed on a job, Denji is revived by his pet devil-dog Pochita and becomes something new and dangerous—Chainsaw Man! Denji's career as a devil hunter is really taking off! And after he appears on TV, the whole world knows about the mysterious Chainsaw Man. But that’s not all good news, considering assassins are now on their way to Japan to claim his heart! Can Denji’s team keep him safe from the world’s most dangerous killers?"
9781975363215,"[Oshi No Ko], Vol. 3",Aka Akasaka,"""""Gorou is an ob-gyn with a life far removed from the glitz and glamour of the entertainment industry--the world of his favorite idol, rising star Ai Hoshino. But when the two are unexpectedly brought together, their fates become intertwined in ways that defy all reason. For the good doctor, it's time to stand and deliver!""""--Provided by publisher."
9780316259460,Akame ga KILL!,Takahiro,"Teenage country bumpkin Tatsumi dreams of earning enough money for his impoverished village by working in the Capital--but his short-lived plans go awry when he's robbed by a buxom beauty upon arrival! Penniless, Tatsumi is taken in by the lovely Miss Aria, but just when his Capital dreams seem in reach yet again, Miss Aria's mansion is besieged by Night Raid--a team of ruthless assassins who targets high-ranking members of the upper class! As Tatsumi is quick to learn, appearances can be deceiving in the Capital, and this team of assassins just might be...the good guys?!"
9781974727117,"Chainsaw Man, Vol. 11",Tatsuki Fujimoto,"Broke young man + chainsaw dog demon = Chainsaw Man! Denji was a small-time devil hunter just trying to survive a harsh world. After being killed on a job, Denji is revived by his pet devil-dog Pochita and becomes something new and dangerous—Chainsaw Man! Chainsaw Man has escaped Makima’s attempts to control him so far, but she now reveals the full extent of her plans. Denji will need the help of his remaining friends if he is to have any chance of topping Makima in their final confrontation!"
9781632367761,N/A,N/A,N/A
9781974700325,"Kaguya-sama: Love Is War, Vol. 3",Aka Akasaka,"Two high school geniuses scheme to get the other to confess their love first. Two geniuses. Two brains. Two hearts. One battle. Who will confess their love first…?! Will Kaguya and Miyuki share the shelter of an umbrella in a storm? Is carrying a knife dripping with blood proof that Kaguya is trying to kill a member of the student council? How will Kaguya react when Chika introduces her to potty humor? Then, Chika must intervene when Miyuki dispenses bad advice on a topic he knows nothing about, Miyuki tries to develop his kinesthetic intelligence, and Kaguya and her personal assistant play a practical joke on Miyuki that has dire consequences. Caffeine is required drinking."
9781974715466,"Spy x Family, Vol. 1",Tatsuya Endo,"An action-packed comedy about a fake family that includes a spy, an assassin and a telepath! Master spy Twilight is unparalleled when it comes to going undercover on dangerous missions for the betterment of the world. But when he receives the ultimate assignment—to get married and have a kid—he may finally be in over his head! Not one to depend on others, Twilight has his work cut out for him procuring both a wife and a child for his mission to infiltrate an elite private school. What he doesn’t know is that the wife he’s chosen is an assassin and the child he’s adopted is a telepath!"
9781616554125,Unofficial Hatsune Mix,KEI,"It's Hatsune Miku, the Vocaloid--the synthesizer superstar who's singing your song! She's a global cyber celebrity and a cosplay favorite at conventions. Now Miku's creator, KEI, brings you Hatsune Miku: Unofficial Hatsune Mix--an omnibus manga of the musical adventures of Miku and her fellow Vocaloids Rin, Len, Luka, and more--in both beautiful black-and-white and charming color! Hatsune Miku: Unofficial Hatsune Mix contains 44 pages in color. With over 170,000 music videos uploaded to Youtube using Miku as the singer and over 900,000 friends on Facebook, Hatsune Miku is a true global phenomenon!"
9780316340045,Akame ga KILL!,Takahiro,"Tatsumi's fantasy of leading a righteous assassin's life is brutally shattered when Sheele is lost in battle. But though Tatsumi resolves to stand tall against his sorrows, a new group of teigu-wielders appears before him: the Three Beasts!! In the battle between teigus, where there can be only one victor, who will fall prey to death?!"
9781632369970,Rent-A-Girlfriend 1,Reiji Miyajima,"Catch up on the manga before Season 2 of the hit anime, coming soon! You can rent a girlfriend, but can you buy love? Reeling from a bad breakup, Kazuya rents the beautiful, polite Chizuru for a date. But rock bottom might be so much lower than he thought! Chizuru is much more than the pretty face and sweet demeanor he thought he'd bargained for... ON BORROWED TIME You can rent a girlfriend, but can you buy love? Hapless college first-year Kazuya Kinoshita, reeling from a bad breakup, rents a few hours of friendly companionship at the aquarium with the idol-beautiful and polite Chizuru. But rock bottom might be lower than Kazuya thought! Family, school, and life all start to go wrong, and to make matters worse, Chizuru is much more than the pretty face and sweet demeanor he thought he'd bargained for..."
9781506701363,Danganronpa: The Animation Volume 4,"Takashi Tsukimi, Spike Chunsoft","With only six students remaining alive out of the original 15, the final trial will also reveal the mastermind behind their imprisonment in Hope's Peak Academy...and the true purpose behind the deadly game they've been forced to play! The survivors might count themselves lucky to have been right...but are they sure they've counted themselves right...? The latest Danganronpa videogame was released in 2016 through NIS America! Based on the Danganronpa anime TV show, released in 2015 through Funimation. A quirky, fun, weird, dynamic take on the high school Battle Royale genre."
9781974709953,"Chainsaw Man, Vol. 3",Tatsuki Fujimoto,"Broke young man + chainsaw dog demon = Chainsaw Man! Denji was a small-time devil hunter just trying to survive a harsh world. After being killed on a job, Denji is revived by his pet devil-dog Pochita and becomes something new and dangerous—Chainsaw Man! A mysterious devil is demanding Denji’s heart! Will the devil hunters from Division 4 agree to this deal to save themselves? Or will Denji have to do what Denji does best—turn into a chainsaw and slice up everything that gets in his way?"
9781646511143,Life Lessons with Uramichi Oniisan 1,Gaku Kuze,"How did the cynical Uramichi end up hosting a TV show for small children? And how long is the studio going to let him keep teaching the kids the sorrow and exhaustion of life instead of, say, the ABCs? This dark comedy manga started as a webcomic and became a bestseller across Japan -- with an anime coming soon! Uramichi is a 31-year-old host on a kids' show who leads exercise routines and teaches life lessons colored by one main theme: Adulthood sucks. Alongside mascots played by a couple of bushy-tailed twentysomethings and a singing duo whose music embodies the notion of being kicked while you're down, Uramichi wades through the misery of working life, one sardonic comment at a time..."
9781632369208,N/A,N/A,N/A
9781646510610,The Quintessential Quintuplets 12,Negi Haruba,"A high school romantic comedy with five times the cute girls! A high school boy must work part-time to help five sisters study so they can graduate, but the only thing these quintuplets have in common is that they all hate studying! HIDDEN FEELINGS Yotsuba, who was saved by her sisters in middle school, swears to hide her feelings for Futaro for her sisters' sake. Meanwhile, Ichika takes a leave of absence from school in order to further her acting career. But after their tumultuous summer ends, a new school term begins and sets the stage for the biggest event of their high school lives: the school festival!"
9781646090167,Hi Score Girl 01,Rensuke Oshikiri,"Hi Score Girl, Rensuke Oshikiri's love letter to arcade gaming, finally comes to print! Read the manga that inspired the Netflix Original anime series! The year is 1991, and the world is on the cusp of the golden age of 2-D fighting games. And on the outskirts of town, in a shady arcade that's a second home to delinquents and businessmen, one girl descends with dignity into her seat at the game cabinet... Her name is Akira Oono, and she's about to humiliate hardcore gamer Haruo Yaguchi, who fancies himself something of an arcade king, at Street Fighter! Will Haruo ever live down losing to a girl from his class?!"
9781974700301,"Kaguya-sama: Love Is War, Vol. 1",Aka Akasaka,"Two high school geniuses scheme to get the other to confess their love first. Two geniuses. Two brains. Two hearts. One battle. Who will confess their love first…?! As leaders of their prestigious academy’s student council, Kaguya and Miyuki are the elite of the elite! But it’s lonely at the top… Luckily for them, they’ve fallen in love! There’s just one problem—they both have too much pride to admit it. And so begins the daily scheming to get the object of their affection to confess their romantic feelings first… Love is a war you win by losing."
9781974700318,"Kaguya-sama: Love Is War, Vol. 2",Aka Akasaka,"Two high school geniuses scheme to get the other to confess their love first. Two geniuses. Two brains. Two hearts. One battle. Who will confess their love first…?! Will a mysterious love letter to Kaguya make Miyuki jealous? Is drinking from a coffee cup with Kaguya’s lipstick on the rim an indirect kiss? How will Miyuki react when Kaguya says she’s “done it” before? Then, Miyuki’s phobia is revealed, the student council VP of Shuchiin Academy’s sister school in France displays epic Gallic rudeness, and the student council tries on some costumes… Nobody can resist cat ears."
9781974725359,"Chainsaw Man, Vol. 10",Tatsuki Fujimoto,"Broke young man + chainsaw dog demon = Chainsaw Man! Denji was a small-time devil hunter just trying to survive a harsh world. After being killed on a job, Denji is revived by his pet devil-dog Pochita and becomes something new and dangerous—Chainsaw Man! Having been forced to kill a friend, Denji finds that his brain has turned to mush from despair. Without the motivation to keep going, he seeks help from Makima. But Makima is not what she appears, and Denji’s pain is only just beginning."
9780759530010,Soul Eater,Atsushi Ohkubo,"First published: Japan: Square Enix Co. Ltd., 2004."
9781646090334,My Dress-Up Darling 02,Shinichi Fukuda,"A loner boy and a flashy girl find common ground via cosplay in this sweet and spicy romcom! Though training to become an artisan who makes hina doll heads, Wakana Gojo is instead making cosplay costumes for Marin Kitagawa, one of the most popular girls in class. As if this turn of events wasn't shocking enough, Wakana discovers that his first cosplay creation is due in...two weeks?! But with a reward like Marin's smile hopefully waiting at the end of it all, Wakana dives right in. Will the results of two short weeks of hard work be enough to satisfy Marin's high expectations?!"
9781974700493,"Kaguya-sama: Love Is War, Vol. 4",Aka Akasaka,"Two high school geniuses scheme to get the other to confess their love first. Two geniuses. Two brains. Two hearts. One battle. Who will confess their love first…?! Will Kaguya and Miyuki outsmart a psychological test designed to reveal their true feelings? Is spoon-feeding each other cake the way to each other’s hearts? Then, Miyuki visits Kaguya’s home for the first time, but she is too sick to enjoy it. Kaguya tries to befriend Miyuki’s little sister, but Chika has beaten her to the punch. And summer vacation arrives, but the student council still hasn’t agreed on a destination. Fireworks are supposed to be romantic."
9781646090181,Hi Score Girl 03,Rensuke Oshikiri,"Hi Score Girl, Rensuke Oshikiri's love letter to arcade gaming, finally comes to print! Read the manga that inspired the Netflix Original anime series! The year is 1995, and the use of 3-D continues to change the landscape of fighting games. And in an arcade on the outskirts of town, where the haunting, ugly, and sometimes beautiful pride of men gathers, she continues to wait... Her name is Akira Oono, and she's the talk of the class! Akira's presence has Koharu, now eager to play more fighting games with Haruo, in a tizzy! She knows something's up between Haruo and Akira, but what does their relationship mean for Koharu's feelings for Haruo?!"
9781934876947,Toradora! (Manga) Vol. 1,Yuyuko Takemiya,"BEWARE THE WRATH OF THE PALMTOP TIGER! Takasu Ryuuji has learned the hard way that appearances can be deceiving. Despite his inwardly sweet personality, his unintentionally sharp gaze and aggressive features give him the air of a delinquent thug, putting his chances at making friends, let alone a girlfriend, next to zero. It’s Ryuuji’s first day in junior high school and it seems as if things are looking up. He gets to sit in between his only friend, Yusaku, and, more importantly, the girl he’s secretly crushing on, Minori Kushieda. But just when he thinks the stars are aligned in his favor, he unwittingly crosses the most feared girl in school, Taiga Aisaku, making her onto his arch enemy. To top it off, Taiga has moved in right next door to Ryuuji and happens to be Minori’s best friend! Can this school year possibly get any worse?!"
9781974709939,"Chainsaw Man, Vol. 1",Tatsuki Fujimoto,"Broke young man + chainsaw dog demon = Chainsaw Man! Denji was a small-time devil hunter just trying to survive in a harsh world. After being killed on a job, Denji is revived by his pet devil-dog Pochita and becomes something new and dangerous—Chainsaw Man! Denji’s a poor young man who’ll do anything for money, even hunting down devils with his pet devil-dog Pochita. He’s a simple man with simple dreams, drowning under a mountain of debt. But his sad life gets turned upside down one day when he’s betrayed by someone he trusts. Now with the power of a devil inside him, Denji’s become a whole new man—Chainsaw Man!"
9780759530645,Soul Eater,Atsushi Ohkubo,"Tsubaki and Black Star battle with the Uncanny Sword Masamune, a soul on the brink of becoming a Kishin--who is also Tsubaki's older brother."
9781772942101,Steins;Gate 0 Volume 1,Nitroplus,"November 2020, the Beta World Line... In this world, Rintaro Okabe has given up. After suffering through indescribable grief and untold heartbreak, he gives up on saving the girl he loves. But one day, he meets her again, just not as he knew her. From this chance encounter, the gears of fate would begin to turn once more. The heroes of Steins;Gate return for a new time-altering story set in an alternate world where the Future Gadget Lab members failed in their original mission. Can one final chance lead to a happy ending?"
9781974722785,"Chainsaw Man, Vol. 8",Tatsuki Fujimoto,"Broke young man + chainsaw dog demon = Chainsaw Man! Denji was a small-time devil hunter just trying to survive a harsh world. After being killed on a job, Denji is revived by his pet devil-dog Pochita and becomes something new and dangerous—Chainsaw Man! As Quanxi and the members of the Special Division battle it out over Denji, the mysterious Santa Claus makes his move. But things are not as they appear, and nobody will be prepared for the darkness and despair about to be unleashed!"
9781975363192,"[Oshi No Ko], Vol. 2",Aka Akasaka,"Pop star Ai Hoshino's twin babies Aqua and Ruby--two kids with surprising """"pasts""""--are basking in all the attention from their idol mother. But that bliss doesn't last long, as tragedy strikes...and alters the twins' ambitions and livelihoods!"
9781974717279,"Chainsaw Man, Vol. 4",Tatsuki Fujimoto,"Broke young man + chainsaw dog demon = Chainsaw Man! Denji was a small-time devil hunter just trying to survive a harsh world. After being killed on a job, Denji is revived by his pet devil-dog Pochita and becomes something new and dangerous—Chainsaw Man! As Denji and his team investigate the whereabouts of the Gun Devil, they’re ambushed by a coordinated attack to take them all out. Denji will have to get stronger if he wants to stay alive in this dangerous game!"
9781949980097,"Don't Toy With Me, Miss Nagatoro 2",Nanashi,"Nagatoro is back and toying with Senpai more than ever...and the two only seem to be getting closer to something more than “just friends.” Armed with a lollipop, a bathing suit, and an ear-piercing gun, Nagatoro just might send Senpai—and herself—over the edge."
9781506713601,Danganronpa 2: Goodbye Despair Volume 2,"Spike Chunsoft, Kuroki Q","Beautiful white sand? Check! Refreshing ocean waves? Check! Bloody body in the beach house? Check...?! Hajime and his classmates strive to overcome the despair of having now lost two classmates as they explore the buildings of the newly opened 2nd Island. Hajime learns a little about each of his classmates and the tropical paradise that is their prison. Now everyone is determined to prevent another murder from happening--everyone except Fuyuhiko Kuzuryu, that is... Danganronpa 2: Goodbye Despair is an alternate version of the events told in the manga Danganronpa 2: Ultimate Luck and Hope and Despair. That series told the story through the eyes of """"Ultimate Lucky Student"""" Nagito Komaeda; now Goodbye Despair gives you the perspective of his arch-rival in the desperate classroom murder game, Hajime Hinata!"
9780316562980,"Kakegurui - Compulsive Gambler -, Vol. 2",Homura Kawamoto,"Losing big to a member of the student council, Yumeko finds herself deeply in debt and cast down to the rank of """"house pet"""" in the Hyakkaou Academy hierarchy. With her future hanging in the balance, the student council tournament may be Yumeko's only shot at redemption. Teaming up with former rival Mary, currently suffering the same sub-human indignity, Yumeko and her new partner are prepared to go all in for another shot at the high life. But will luck favor these ladies...?"
9781947194977,BAKEMONOGATARI (manga) 1,NISIOISIN,"From the best selling novel series by renowned author NISIOISIN, comes the manga adaptation of the Monogatari Series! Artwork by Oh! great. One day, high-school student Koyomi Araragi catches a girl named Hitagi Senjougahara when she trips. But—much to his surprise—she doesn't weigh anything. At all. She says an encounter with a so-called """"crab"""" took away all her weight... Monsters have been here since the beginning. Always. Everywhere."
9784088832715,チェンソーマン 12,藤本タツキ,"高校生活に馴染めず、組でも孤立する少女・三鷹アサ。彼女の日常は、とある“悪魔""""との出会いで激変する!! 世界の新たな災厄となる、その“悪魔""""の目的とは!? そして、神出鬼没のチェンソーマンの行方は...!? 血みどろの青春が炸裂する衝撃の第二部、開幕!!"
9781974738663,Chainsaw Man: Buddy Stories,"Tatsuki Fujimoto, Sakaku Hishikawa","Chainsaw Man returns in four prose stories of devil-hunting partners! Power lives out her favorite anime by becoming a genius detective—or so she wants her “audience” to believe! Denji is along for the ride as her assistant for an investigation into disappearances at a mountain hotel. Other stories center on Quanxi and Kishibe’s relationship nine years after they met, Himeno and Aki’s first assignment together, and Denji, Power, and Aki’s dream trip to Enoshima."
9784088904320,かぐや様は告らせたい~天才たちの恋愛頭脳戦~ 1,赤坂アカ,N/A
9780316562898,"Kakegurui - Compulsive Gambler -, Vol. 1",Homura Kawamoto,"Hyakkaou Private Academy. An institution for the privileged with a very peculiar curriculum. You see, when you're the sons and daughters of the wealthiest of the wealthy, it's not athletic prowess or book smarts that keep you ahead. It's reading your opponent-the art of the deal. What better way to hone those skills than with a rigorous curriculum of gambling?At Hyakkaou Private Academy, the winners live like kings, and the losersare put through the wringer. But when Yumeko Jabami enrolls, she's gonna teach these kids what a high roller really looks like!"
9781638586722,"You Like Me, Not My Daughter?! (Manga) Vol. 1",Kota Nozomi,"A beautiful mother, a pining tutor, and romantic hijinks await in this hot mom romcom! Ever since her sister and brother-in-law died in an accident ten years ago, thirty-something-year-old Ayako Katsuragi has been raising her niece Miu as her own daughter. Now that she’s in high school though, Ayako has begun to worry about the boys that might want to date Miu, especially their twenty-year-old neighbor Takumi Aterazawa. But when Takumi says he needs to talk to her, Ayako gets the shock of her life! It’s not Miu he’s got feelings for, it’s her! Will Ayako be able to overcome her doubts and give his love a chance?"
9781632367747,The Quintessential Quintuplets 1,Negi Haruba,"A high school romantic comedy with five times the cute girls! A high school boy must work part-time to help five sisters study so they can graduate, but the only thing these quintuplets have in common is that they all hate studying! FIVE TIMES THE TROUBLE Five girls who want to do anything but study, and their tutor: A high school boy who's got book smarts and not much else. Futaro Uesugi took the tutoring gig because he was desperate for cash, but when his students--the five beautiful daughters of a wealthy businessman--find five times the excuses to slack off, what can he do?! At this rate, the sisters won't graduate, so if he wants to get paid, Futaro must think of a plan to suit each of them... Which feels hopeless when five out of five of them think he's a loser!"
9781632362223,A Silent Voice 7,Yoshitoki Oima,"SEE YOU LATER Shoya’s life hangs on by a thread after he jumped just in time to save Shoko. Despite the despair, Shoko is determined to move forward and get back what she thinks she has ruined… But broken friendships can heal, too. Quietly, but surely, the disbanded crew finds their spirit — the show must go on! As the movie-making reconvenes, the kids begin to transform the world that had once been so cruel to them. What could the future hold for everyone? Final volume!"
9781949980028,BAKEMONOGATARI (manga) 2,NISIOISIN,“I’m just going to show her around.” The one Koyomi Araragi caught was Hitagi Senjogahara—the “girl whose weight was stolen.” The girl must save herself. She’s got to try not to lose herself in her true feelings...
9781974718160,"Spy x Family, Vol. 3",Tatsuya Endo,"An action-packed comedy about a fake family that includes a spy, an assassin and a telepath! Master spy Twilight is unparalleled when it comes to going undercover on dangerous missions for the betterment of the world. But when he receives the ultimate assignment—to get married and have a kid—he may finally be in over his head! Twilight has overcome many challenges in putting together the Forger family, but now all his hard work might come undone when Yor’s younger brother Yuri pops in for a surprise visit! Can Twilight outsmart Yuri, who actually works for the Ostanian secret service?!"
9781632360618,A Silent Voice 6,Yoshitoki Oima,"A SILENT PRAYER Time stands still for both Shoya and Shoko. Triggered by past traumas, Shoya coldly attacked his friends and burnt the bridges he first set out to rebuild. Shoko feels a deep responsibility for this disaster and attempts to pay for it by taking her own life. Meanwhile, each of their friends finally show their true colors. After everything has fallen apart, how will they mend their hearts and put the pieces back together?"
9781949980981,"Don't Toy With Me, Miss Nagatoro 6",Nanashi,"It’s a battle of the brushes! The president of the Art Club has challenged Senpai to an art competition, and if Senpai loses, his precious club will be no more. Nagatoro and her friends also have skin in the game since they’ll be losing the one place where they can torture Senpai without interruption, but do they stand a chance against the club president’s talent and her erotic assault on the senses?"
9781646090341,My Dress-Up Darling 03,Shinichi Fukuda,"A loner boy and a flashy girl find common ground via cosplay in this sweet and spicy romcom! Wakana and Marin make it through their very first cosplay event, and not long after, Marin's heart undergoes a change...?! But that's not going to stop her cosplaying! To research their next project, the duo decide to watch the anime it's based on...but on screening night, they wind up alone together...?! And with JuJu, another gorgeous cosplayer, dropping by Wakana's house...it seems like a love triangle is abrew!"
9780316102346,"Spice and Wolf, Vol. 3 (manga)",Isuna Hasekura,"Lawrence and Holo are on the run, desperate to save both their profits and their lives! With enforcers from a rival company in pursuit, though, Holo may need to resort to extreme measures to safeguard herself and her traveling companion. Can Lawrence cope with the terror-inspiring true form of Holo the Wisewolf?!"
9781506707341,Danganronpa 2: Ultimate Luck and Hope and Despair Volume 2,Spike Chunsoft,"The ultimate teenage murder game continues! Based on Danganronpa 2: Goodbye Despair, the sequel to the original Danganronpa, the manga series Ultimate Luck and Hope and Despair contains many scenes only hinted at in the game! They say if you can't stand the heat, get out of the kitchen...but the one who's on the hot seat is Ultimate Cook Teruteru Hanamura, on trial for the murder of Byakuya Togami! Revealing his true nature in the courtroom, Nagito forces his fellow students to realize they don't truly know or understand each other. It'll take all of Hajime's cunning, along with the help of his classmates, to cleave a path to the awful truth!"
9781975363178,"[Oshi No Ko], Vol. 1",Aka Akasaka,"Gorou is a gynecologist and idol fan who's in shock after his favorite star, Ai, announces an impromptu hiatus. Little does Gorou realize that he's about to forge a bond with her that defies all common sense! Lies are an idol's greatest weapon in this outrageous manga from Aka Akasaka (Kaguya-sama: Love is War) and Mengo Yokoyari (Scum's Wish)."
9781506711980,Berserk Deluxe Volume 1,"Kentaro Miura, Jason DeAngelis","Have you got the Guts? Kentaro Miura's Berserk has outraged, horrified, and delighted manga and anime fanatics since 1989, creating an international legion of hardcore devotees and inspiring a plethora of TV series, feature films, and video games. And now the badass champion of adult fantasy manga is presented in an oversized 7"""" x 10"""" deluxe hardcover edition, nearly 700 pages amassing the first three Berserk volumes, with following volumes to come to serve up the entire series in handsome bookshelf collections. No Guts, no glory! Have you got the Guts? Kentaro Miura's Berserk has outraged, horrified, and delighted manga and anime fanatics since 1989, creating an international legion of hardcore devotees and inspiring a plethora of TV series, feature films, and video games. And now the badass champion of adult fantasy manga is presented in an oversized 7"""" x 10"""" deluxe hardcover edition, nearly 700 pages amassing the first three Berserk volumes, with following volumes to come to serve up the entire series in handsome bookshelf collections. No Guts, no glory!"
9781421561325,"Uzumaki (3-in-1, Deluxe Edition)",Junji Ito,"A masterpiece of horror manga, now available in a deluxe hardcover edition! Kurôzu-cho, a small fogbound town on the coast of Japan, is cursed. According to Shuichi Saito, the withdrawn boyfriend of teenager Kirie Goshima, their town is haunted not by a person or being but by a pattern: uzumaki, the spiral, the hypnotic secret shape of the world. It manifests itself in everything from seashells and whirlpools in water to the spiral marks on people's bodies, the insane obsessions of Shuichi's father and the voice from the cochlea in our inner ear. As the madness spreads, the inhabitants of Kurôzu-cho are pulled ever deeper into a whirlpool from which there is no return!"
9781949980165,BAKEMONOGATARI (manga) 3,NISIOISIN,"From the best selling novel series by renowned author NISIOISIN, comes the manga adaptation of the Monogatari Series! Artwork by Oh!great. Mayoi Hachikuji: A grade schooler who meets Koyomi Araragi and a “Lost Snail” who can never arrive at her destination. “I’ll bring her to her mother’s safe and sound—that is my duty.” She’s got to get home before her feelings fade away..."
9781646512614,Life Lessons with Uramichi Oniisan 3,Gaku Kuze,"How did the cynical Uramichi end up hosting a TV show for small children? And how long is the studio going to let him keep teaching the kids the sorrow and exhaustion of life instead of, say, the ABCs? This dark comedy manga started as a webcomic and became a bestseller across Japan -- with an anime coming soon! Despite his best efforts, Uramichi continues to find himself at the mercy of the outrageous demands of his fellow coworkers and management. Whether it’s looking after someone’s pet or younger sibling, or drumming up new designs for Hanbei’s merch, the paths to escape responsibility are too few and far between. Then, just as he’s reaching for a lifeline during one of his most grueling days yet, his old college acquaintance Nekota appears. Could someone with such a different take on adulthood be Uramichi’s salvation?"
9781974717248,"Spy x Family, Vol. 2",Tatsuya Endo,"An action-packed comedy about a fake family that includes a spy, an assassin and a telepath! Master spy Twilight is unparalleled when it comes to going undercover on dangerous missions for the betterment of the world. But when he receives the ultimate assignment—to get married and have a kid—he may finally be in over his head! Twilight must infiltrate the prestigious Eden Academy to get close to his target Donovan Desmond, but has he ruined his daughter Anya’s chances with his outburst during the admissions interview? Perhaps the truly impossible mission this time is making sure Anya both becomes an exemplary student and befriends Donovan’s arrogant son Damian!"
9781632360595,A Silent Voice 4,Yoshitoki Oima,"WORDS OF REASSURANCE Once upon a time, Shoya was terribly cruel to Shoko, his elementary school classmate who couldn’t hear. To make up for his past sins, Shoya has devoted himself to repaying the debt of happiness he owes. So when Shoko faces a romantic setback, Shoya assembles some familiar faces from their past for a trip to the amusement park that may just change things for Shoya, too."
9781975303723,"Kakegurui - Compulsive Gambler -, Vol. 9",Homura Kawamoto,"Armed with a total of 101 votes after a one-on-one match with the vice president and a near-death gambling showdown against the Inbami sisters, Mary enters the top-three ranking for student council president. In tenth place is Yumeko, who has narrowly avoided elimination. With the president's seat still up for grabs, Yumeko joins hands with an elite Momobami member and vicious Kirari-hater hungry for the title, and that person is none other than...Terano Totobami!"
9780316340052,Akame ga KILL!,Takahiro,"General Esdeath assembles a special police squad called the Jaegers and sets her sights on the annihilation of Night Raid in the name of the emperor. Meanwhile, Tatsumi, desperate to overcome the loss of another ally, decides to participate in a grand fighting tournament engineered by Esdeath herself..."
9781974720712,"Chainsaw Man, Vol. 6",Tatsuki Fujimoto,"Broke young man + chainsaw dog demon = Chainsaw Man! Denji was a small-time devil hunter just trying to survive a harsh world. After being killed on a job, Denji is revived by his pet devil-dog Pochita and becomes something new and dangerous—Chainsaw Man! A new girl named Reze has shown up and swept innocent Denji right off his feet. But is Reze exactly what she seems? (Spoiler: Nope!) Is Denji about to fi nd happiness once and for all? (Spoiler: Nope!) Prepare for the storm of all storms when Chainsaw Man looks for true love!"
